codmpio,depto,mpio,found,source,found2,comments
5001,ANTIOQUIA,MEDELLIN,1675,BZ93,,
5002,ANTIOQUIA,ABEJORRAL,1811,BZ93,,
5021,ANTIOQUIA,ALEJANDRIA,1886,BZ93,,
5030,ANTIOQUIA,AMAGA,1788,WEB.MUN,,
5031,ANTIOQUIA,AMALFI,1838,BZ93,,
5034,ANTIOQUIA,ANDES,1850,BZ93,,
5036,ANTIOQUIA,ANGELOPOLIS,1895,BZ93,,
5038,ANTIOQUIA,ANGOSTURA,1814,BZ93,,
5040,ANTIOQUIA,ANORI,1808,BZ93,,
5042,ANTIOQUIA,ANTIOQUIA,1541,BZ93,,
5044,ANTIOQUIA,ANZA,1757,WEB.MUN,,Before La Fragua
5045,ANTIOQUIA,APARTADO,1967,BZ93,,
5051,ANTIOQUIA,ARBOLETES,1920,BZ93,,
5055,ANTIOQUIA,ARGELIA,1891,BZ93,,
5059,ANTIOQUIA,ARMENIA,1813,BZ93,,
5079,ANTIOQUIA,BARBOSA,1812,WEB.MUN,,First populated then recogniced. Before Llanos de Barbosa
5088,ANTIOQUIA,BELLO,1576,WEB.MUN,1883,Before Hatoviejo
5091,ANTIOQUIA,BETANIA,1889,BZ93,,
5093,ANTIOQUIA,BETULIA,1884,WEB.MUN,,Unified San Mateo + Betulia
5101,ANTIOQUIA,CIUDAD BOLIVAR,1839,BZ93,,
5105,ANTIOQUIA,BRICEÑO,1886,BZ93,,
5113,ANTIOQUIA,BURITICA,1614,BZ93,,
5120,ANTIOQUIA,CACERES,1576,BZ93,,
5125,ANTIOQUIA,CAICEDO,1870,BZ93,,
5129,ANTIOQUIA,CALDAS,1840,BZ93,,
5134,ANTIOQUIA,CAMPAMENTO,1820,BZ93,,
5138,ANTIOQUIA,CAÑASGORDAS,1776,WEB.MUN,,
5142,ANTIOQUIA,CARACOLI,1876,BZ93,,
5145,ANTIOQUIA,CARAMANTA,1557,BZ93,,
5147,ANTIOQUIA,CAREPA,1912,BZ93,,
5148,ANTIOQUIA,EL CARMEN DE VIBORAL,1807,BZ93,1714,
5150,ANTIOQUIA,CAROLINA,1787,WEB.MUN,,
5154,ANTIOQUIA,CAUCASIA,1918,BZ93,,
5172,ANTIOQUIA,CHIGORODO,1878,BZ93,,
5190,ANTIOQUIA,CISNEROS,1910,BZ93,,
5197,ANTIOQUIA,COCORNA,1825,BZ93,,
5206,ANTIOQUIA,CONCEPCION,1771,WEB.MUN,,
5209,ANTIOQUIA,CONCORDIA,1830,BZ93,,
5212,ANTIOQUIA,COPACABANA,1541,WEB.MUN,1702,Before Tasajera
5234,ANTIOQUIA,DABEIBA,1850,BZ93,,
5237,ANTIOQUIA,DONMATIAS,1624,WEB.MUN,1750,First populated then recogniced 
5240,ANTIOQUIA,EBEJICO,1830,BZ93,,
5250,ANTIOQUIA,EL BAGRE,1979,BZ93,,
5264,ANTIOQUIA,ENTRERRIOS,1835,BZ93,,
5266,ANTIOQUIA,ENVIGADO,1680,BZ93,,
5282,ANTIOQUIA,FREDONIA,1830,WEB.MUN,,
5284,ANTIOQUIA,FRONTINO,1806,BZ93,,
5306,ANTIOQUIA,GIRALDO,1845,BZ93,,
5308,ANTIOQUIA,GIRARDOTA,1833,WEB.MUN,,
5310,ANTIOQUIA,GOMEZPLATA,1760,WEB.MUN,1903,"Before part of Carolina, then recognized"
5313,ANTIOQUIA,GRANADA,1804,BZ93,,
5315,ANTIOQUIA,GUADALUPE,1895,BZ93,,
5321,ANTIOQUIA,GUATAPE,1811,BZ93,,
5347,ANTIOQUIA,HELICONIA,1814,BZ93,,
5353,ANTIOQUIA,HISPANIA,1925,BZ93,,
5360,ANTIOQUIA,ITAGUI,1743,WEB.MUN,,
5361,ANTIOQUIA,ITUANGO,1857,BZ93,,
5364,ANTIOQUIA,JARDIN,1864,BZ93,,
5368,ANTIOQUIA,JERICO,1851,BZ93,,
5376,ANTIOQUIA,LA CEJA,1789,WEB.MUN,,
5380,ANTIOQUIA,LA ESTRELLA,1685,WEB.MUN,,Before Nuestra Senora de la Estrella
5411,ANTIOQUIA,LIBORINA,1832,BZ93,,
5425,ANTIOQUIA,MACEO,1910,BZ93,,
5440,ANTIOQUIA,MARINILLA,1787,WEB.MUN,,
5467,ANTIOQUIA,MONTEBELLO,1876,BZ93,,
5475,ANTIOQUIA,MURINDO,1835,BZ93,,
5480,ANTIOQUIA,MUTATA,1944,BZ93,,
5483,ANTIOQUIA,NARIÑO,1827,BZ93,,
5490,ANTIOQUIA,NECOCLI,1535,BZ93,,
5501,ANTIOQUIA,OLAYA,1582,BZ93,,
5541,ANTIOQUIA,PEÑOL,1714,WEB.MUN,,
5543,ANTIOQUIA,PEQUE,1868,BZ93,,
5576,ANTIOQUIA,PUEBLORRICO,1866,WEB.MUN,,Before Pueblo Rico
5579,ANTIOQUIA,PUERTO BERRIO,1875,BZ93,,
5585,ANTIOQUIA,PUERTO NARE,1840,BZ93,,
5591,ANTIOQUIA,PUERTO TRIUNFO,1977,BZ93,,
5604,ANTIOQUIA,REMEDIOS,1560,BZ93,,
5607,ANTIOQUIA,RETIRO,1790,WEB.MUN,1814,First founded then recogniced as municipality
5628,ANTIOQUIA,SABANALARGA,1615,WEB.MUN,,
5631,ANTIOQUIA,SABANETA,1967,BZ93,,
5642,ANTIOQUIA,SALGAR,1894,BZ93,,
5647,ANTIOQUIA,SAN ANDRES,1761,WEB.MUN,1822,First founded then recogniced as municipality
5649,ANTIOQUIA,SAN CARLOS,1786,WEB.MUN,,
5656,ANTIOQUIA,SAN JERONIMO,1616,WEB.MUN,,
5658,ANTIOQUIA,SAN JOSE DE LA MONTAÑA,1922,BZ93,,
5660,ANTIOQUIA,SAN LUIS,1875,BZ93,,
5664,ANTIOQUIA,SAN PEDRO DE URABA,1977,BZ93,,
5667,ANTIOQUIA,SAN RAFAEL,1864,BZ93,,
5670,ANTIOQUIA,SAN ROQUE,1880,BZ93,,
5674,ANTIOQUIA,SAN VICENTE,1759,WEB.MUN,,
5679,ANTIOQUIA,SANTA BARBARA,1774,WEB.MUN,1822,First founded then recogniced as municipality
5686,ANTIOQUIA,SANTA ROSA DE OSOS,1792,WEB.MUN,1814,First founded then recogniced as municipality
5690,ANTIOQUIA,SANTO DOMINGO,1778,WEB.MUN,,
5736,ANTIOQUIA,SEGOVIA,1869,BZ93,,
5756,ANTIOQUIA,SONSON,1800,WEB.MUN,,
5761,ANTIOQUIA,SOPETRAN,1616,OTHER,,http://www.elcolombiano.com/opinion/columnistas/sopetran-400-anos-JC3664579
5789,ANTIOQUIA,TAMESIS,1858,BZ93,,
5790,ANTIOQUIA,TARAZA,1853,BZ93,,
5792,ANTIOQUIA,TARSO,1912,BZ93,,
5809,ANTIOQUIA,TITIRIBI,1815,WEB.MUN,,
5819,ANTIOQUIA,TOLEDO,1757,WEB.MUN,,
5837,ANTIOQUIA,TURBO,1840,BZ93,,
5842,ANTIOQUIA,URAMITA,1978,BZ93,,
5847,ANTIOQUIA,URRAO,1781,WEB.MUN,,http://www.urrao-antioquia.gov.co/noticias/urrao-237-anos-de-fundacion
5854,ANTIOQUIA,VALDIVIA,1849,BZ93,,
5856,ANTIOQUIA,VALPARAISO,1860,BZ93,,
5858,ANTIOQUIA,VEGACHI,1983,BZ93,,
5861,ANTIOQUIA,VENECIA,1898,BZ93,,
5873,ANTIOQUIA,VIGIA DEL FUERTE,1908,BZ93,,
5885,ANTIOQUIA,YALI,1888,BZ93,,
5887,ANTIOQUIA,YARUMAL,1785,OTHER,,http://bibliotecadigital.udea.edu.co/bitstream/10495/232/1/BiografiaYarumal.pdf
5890,ANTIOQUIA,YOLOMBO,1660,BZ93,,
5893,ANTIOQUIA,YONDO,1941,BZ93,,
5895,ANTIOQUIA,ZARAGOZA,1581,BZ93,,
8001,ATLANTICO,BARRANQUILLA,1629,BZ93,,
8078,ATLANTICO,BARANOA,1543,BZ93,,
8296,ATLANTICO,GALAPA,1867,BZ93,,
8421,ATLANTICO,LURUACO,1960,BZ93,,
8433,ATLANTICO,MALAMBO,1912,BZ93,,
8520,ATLANTICO,PALMAR DE VARELA,1806,BZ93,,
8549,ATLANTICO,PIOJO,1533,BZ93,,
8573,ATLANTICO,PUERTO COLOMBIA,1888,BZ93,,
8606,ATLANTICO,REPELON,1860,BZ93,,
8675,ATLANTICO,SANTA LUCIA,1967,BZ93,,
8770,ATLANTICO,SUAN,1905,BZ93,,
8832,ATLANTICO,TUBARA,1533,BZ93,,
8849,ATLANTICO,USIACURI,1534,BZ93,,
13001,BOLIVAR,CARTAGENA,1533,BZ93,,
13006,BOLIVAR,ACHI,1817,BZ93,,
13074,BOLIVAR,BARRANCO DE LOBA,1810,BZ93,,
13140,BOLIVAR,CALAMAR,1840,BZ93,,
13430,BOLIVAR,MAGANGUE,1610,BZ93,,
13433,BOLIVAR,MAHATES,1538,BZ93,,
13440,BOLIVAR,MARGARITA,1812,BZ93,,
13442,BOLIVAR,MARIA LA BAJA,1535,BZ93,,
13468,BOLIVAR,MOMPOS,1537,BZ93,,
13549,BOLIVAR,PINILLOS,1840,BZ93,,
13600,BOLIVAR,RIO VIEJO,1806,BZ93,,
13667,BOLIVAR,SAN MARTIN DE LOBA,1650,BZ93,,
13673,BOLIVAR,SANTA CATALINA,1530,BZ93,,
13683,BOLIVAR,SANTA ROSA DEL SUR,1984,BZ93,,
13744,BOLIVAR,SIMITI,1537,BZ93,,
13760,BOLIVAR,SOPLAVIENTO,1885,BZ93,,
13780,BOLIVAR,TALAIGUA NUEVO,1806,BZ93,,
13836,BOLIVAR,TURBACO,1533,BZ93,,
13838,BOLIVAR,TURBANA,1534,BZ93,,
15001,BOYACA,TUNJA,1539,BZ93,,
15022,BOYACA,ALMEIDA,1906,BZ93,,
15047,BOYACA,AQUITANIA,1777,BZ93,,
15087,BOYACA,BELEN,1762,BZ93,,
15090,BOYACA,BERBEO,1744,BZ93,,
15104,BOYACA,BOYACA,1789,BZ93,,
15135,BOYACA,CAMPOHERMOSO,1823,BZ93,,
15162,BOYACA,CERINZA,1571,BZ93,,
15172,BOYACA,CHINAVITA,1822,BZ93,,
15183,BOYACA,CHITA,1535,BZ93,,
15185,BOYACA,CHITARAQUE,1777,BZ93,,
15187,BOYACA,CHIVATA,1600,BZ93,,
15204,BOYACA,COMBITA,1776,BZ93,,
15212,BOYACA,COPER,1776,BZ93,,
15215,BOYACA,CORRALES,1782,BZ93,,
15226,BOYACA,CUITIVA,1796,BZ93,,
15232,BOYACA,CHIQUIZA,1556,BZ93,,
15238,BOYACA,DUITAMA,1775,BZ93,,
15244,BOYACA,EL COCUY,1765,BZ93,,
15248,BOYACA,EL ESPINO,1791,BZ93,,
15272,BOYACA,FIRAVITOBA,1757,BZ93,,
15293,BOYACA,GACHANTIVA,1784,BZ93,,
15296,BOYACA,GAMEZA,1776,BZ93,,
15299,BOYACA,GARAGOA,1754,BZ93,,
15317,BOYACA,GUACAMAYAS,1763,BZ93,,
15322,BOYACA,GUATEQUE,1778,BZ93,,
15325,BOYACA,GUAYATA,1821,WEB.MUN,,
15332,BOYACA,GÜICAN,1756,BZ93,,
15362,BOYACA,IZA,1537,BZ93,,
15377,BOYACA,LABRANZAGRANDE,1761,BZ93,,
15380,BOYACA,LA CAPILLA,1773,BZ93,,
15401,BOYACA,LA VICTORIA,1956,BZ93,,
15403,BOYACA,LA UVITA,1758,BZ93,,
15407,BOYACA,VILLA DE LEYVA,1572,BZ93,,
15425,BOYACA,MACANAL,1807,WEB.MUN,,
15442,BOYACA,MARIPI,1770,WEB.MUN,,
15455,BOYACA,MIRAFLORES,1744,BZ93,,
15464,BOYACA,MONGUA,1796,BZ93,,
15466,BOYACA,MONGUI,1555,BZ93,,
15469,BOYACA,MONIQUIRA,1778,BZ93,,
15480,BOYACA,MUZO,1553,BZ93,,
15491,BOYACA,NOBSA,1796,BZ93,,
15494,BOYACA,NUEVO COLON,1776,BZ93,,
15500,BOYACA,OICATA,1776,BZ93,,
15507,BOYACA,OTANCHE,1960,BZ93,,
15511,BOYACA,PACHAVITA,1796,BZ93,,
15516,BOYACA,PAIPA,1537,BZ93,,
15518,BOYACA,PAJARITO,1825,BZ93,,
15531,BOYACA,PAUNA,1776,BZ93,,
15533,BOYACA,PAYA,1625,WEB.MUN,,*
15542,BOYACA,PESCA,1756,BZ93,,
15550,BOYACA,PISVA,1600,BZ93,,Today Pisba
15572,BOYACA,PUERTO BOYACA,1957,BZ93,,
15599,BOYACA,RAMIRIQUI,1754,BZ93,,
15646,BOYACA,SAMACA,1756,BZ93,,
15660,BOYACA,SAN EDUARDO,1914,BZ93,,
15664,BOYACA,SAN JOSE DE PARE,1776,BZ93,,
15667,BOYACA,SAN LUIS DE GACENO,1912,BZ93,,
15673,BOYACA,SAN MATEO,1773,BZ93,,
15681,BOLIVAR,SAN PABLO DE BORBUR,1875,BZ93,,
15693,BOYACA,SANTA ROSA DE VITERBO,1689,BZ93,,
15723,BOYACA,SATIVASUR,1776,BZ93,,
15740,BOYACA,SIACHOQUE,1547,BZ93,,
15753,BOYACA,SOATA,1543,BZ93,,
15759,BOYACA,SOGAMOSO,1779,BZ93,,
15761,BOYACA,SOMONDOCO,1756,BZ93,,
15762,BOYACA,SORA,1776,BZ93,,
15763,BOYACA,SOTAQUIRA,1776,BZ93,,
15764,BOYACA,SORACA,1780,BZ93,,
15778,BOYACA,SUTATENZA,1783,BZ93,,
15790,BOYACA,TASCO,1777,BZ93,,
15798,BOYACA,TENZA,1778,BZ93,,
15804,BOYACA,TIBANA,1776,BZ93,,
15806,BOYACA,TIBASOSA,1778,BZ93,,
15814,BOYACA,TOCA,1776,BZ93,,
15832,BOYACA,TUNUNGUA,1849,BZ93,,
15835,BOYACA,TURMEQUE,1776,BZ93,,
15839,BOYACA,TUTAZA,1849,BZ93,,
15842,BOYACA,UMBITA,1778,BZ93,,
15861,BOYACA,VENTAQUEMADA,1776,BZ93,,
15879,BOYACA,VIRACACHA,1789,BZ93,,
15897,BOYACA,ZETAQUIRA,1775,BZ93,,
17001,CALDAS,MANIZALES,1849,BZ93,,
17013,CALDAS,AGUADAS,1808,BZ93,,
17042,CALDAS,ANSERMA,1539,BZ93,,
17050,CALDAS,ARANZAZU,1853,BZ93,,
17088,CALDAS,BELALCAZAR,1889,BZ93,,
17174,CALDAS,CHINCHINA,1857,BZ93,,
17272,CALDAS,FILADELFIA,1850,BZ93,,
17380,CALDAS,LA DORADA,1900,BZ93,,
17433,CALDAS,MANZANARES,1864,BZ93,,
17442,CALDAS,MARMATO,1536,WEB.MUN,,*
17444,CALDAS,MARQUETALIA,1924,BZ93,,
17446,CALDAS,MARULANDA,1877,BZ93,,
17486,CALDAS,NEIRA,1844,BZ93,,
17513,CALDAS,PACORA,1829,BZ93,,
17524,CALDAS,PALESTINA,1855,BZ93,,
17541,CALDAS,PENSILVANIA,1866,BZ93,,
17614,CALDAS,RIOSUCIO,1819,WEB.MUN,,
17616,CALDAS,RISARALDA,1908,BZ93,,
17653,CALDAS,SALAMINA,1827,BZ93,,
17662,CALDAS,SAMANA,1884,BZ93,,
17777,CALDAS,SUPIA,1540,BZ93,,
17867,CALDAS,VICTORIA,1879,WEB.MUN,,
17873,CALDAS,VILLA MARIA,1834,WEB.MUN,,
17877,CALDAS,VITERBO,1911,BZ93,,
18001,CAQUETA,FLORENCIA,1894,BZ93,,
18094,CAQUETA,BELEN DE LOS ANDAQUIES,1917,BZ93,,
18150,CAQUETA,CARTAGENA DEL CHAIRA,1985,BZ93,,
18205,CAQUETA,CURILLO,1986,BZ93,,
18247,CAQUETA,EL DONCELLO,1967,BZ93,,
18256,CAQUETA,EL PAUJIL,1967,BZ93,,
18410,CAQUETA,LA MONTAÑITA,1940,BZ93,,
18460,CAQUETA,MILAN,1950,BZ93,,
18479,CAQUETA,MORELIA,1960,BZ93,,
18753,CAQUETA,SAN VICENTE DEL CAGUAN,1903,BZ93,,
18756,CAQUETA,SOLANO,1915,BZ93,,
18860,CAQUETA,VALPARAISO,1985,BZ93,,
19001,CAUCA,POPAYAN,1536,BZ93,,
19022,CAUCA,ALMAGUER,1551,BZ93,,
19100,CAUCA,BOLIVAR,1749,BZ93,,
19110,CAUCA,BUENOS AIRES,1823,BZ93,,
19130,CAUCA,CAJIBIO,1823,BZ93,,
19137,CAUCA,CALDONO,1746,BZ93,,
19142,CAUCA,CALOTO,1543,BZ93,,
19212,CAUCA,CORINTO,1865,BZ93,,
19256,CAUCA,TAMBO,1641,WEB.MUN,,
19355,CAUCA,INZA,1783,WEB.MUN,,
19364,CAUCA,JAMBALO,1700,BZ93,,
19392,CAUCA,LA SIERRA,1819,BZ93,,
19397,CAUCA,LA VEGA,1840,BZ93,,
19450,CAUCA,MERCADERES,1890,BZ93,,
19455,CAUCA,MIRANDA,1898,BZ93,,
19473,CAUCA,MORALES,1762,BZ93,,
19513,CAUCA,PADILLA,1967,BZ93,,
19517,CAUCA,PAEZ,1850,BZ93,,
19532,CAUCA,PATIA,1821,BZ93,,
19548,CAUCA,PIENDAMO,1924,BZ93,,
19573,CAUCA,PUERTO TEJADA,1897,BZ93,,
19585,CAUCA,PURACE,1840,BZ93,,
19622,CAUCA,DOLORES,1882,BZ93,,Today Rosas
19693,CAUCA,SAN SEBASTIAN,1850,BZ93,,
19698,CAUCA,SANTANDER DE QUILICHAO,1543,BZ93,,
19701,CAUCA,SANTA ROSA,1870,BZ93,,
19760,CAUCA,SOTARA,1879,BZ93,,
19780,CAUCA,SUAREZ,1989,BZ93,,
19807,CAUCA,TIMBIO,1780,BZ93,,
19821,CAUCA,TORIBIO,1735,BZ93,,
19824,CAUCA,TOTORO,1815,BZ93,,
20001,MAGDALENA,VALLEDUPAR,1550,BZ93,,
20011,MAGDALENA,AGUACHICA,1748,WEB.MUN,,
20013,MAGDALENA,ESPIRITUSANTO,1859,BZ93,,Today Agustin Codazzi
20032,CESAR,ASTREA,1984,BZ93,,
20175,MAGDALENA,CHIMICHAGUA,1750,BZ93,,
20178,MAGDALENA,CHIRIGUANA,1545,BZ93,,
20228,CESAR,CURUMANI,1965,BZ93,,
20238,CESAR,EL COPEY,1971,BZ93,,
20295,MAGDALENA,GAMARRA,1878,BZ93,,
20310,MAGDALENA,GONZALEZ,1535,BZ93,,
20383,MAGDALENA,LA GLORIA,1867,BZ93,,
20517,CESAR,PAILITAS,1950,BZ93,,
20550,CESAR,PELAYA,1948,BZ93,,
20614,MAGDALENA,RIO DE ORO,1534,BZ93,,
20787,MAGDALENA,TAMALAMEQUE,1544,BZ93,,
23068,BOLIVAR,AYAPEL,1543,BZ93,,
23168,BOLIVAR,CHIMA,1535,BZ93,,
23182,BOLIVAR,CHINU,1534,BZ93,,
23419,CORDOBA,LOS CORDOBAS,1930,BZ93,,
23466,CORDOBA,MONTELIBANO,1907,BZ93,,
23555,CORDOBA,PLANETA RICA,1955,BZ93,,
23570,CORDOBA,PUEBLO NUEVO,1914,BZ93,,
23574,CORDOBA,PUERTO ESCONDIDO,1961,BZ93,,
23586,BOLIVAR,PURISIMA,1533,BZ93,,
23670,BOLIVAR,SAN ANDRES SOTAVENTO,1538,BZ93,,
23807,CORDOBA,TIERRALTA,1912,BZ93,,
23855,CORDOBA,VALENCIA,1937,BZ93,,
25001,CUNDINAMARCA,AGUA DE DIOS,1861,BZ93,,
25019,CUNDINAMARCA,ALBAN,1882,BZ93,,
25035,CUNDINAMARCA,ANAPOIMA,1627,WEB.MUN,,
25040,CUNDINAMARCA,ANOLAIMA,1605,WEB.MUN,,
25053,CUNDINAMARCA,ARBELAEZ,1870,BZ93,,
25095,CUNDINAMARCA,BITUIMA,1544,BZ93,1772,
25099,CUNDINAMARCA,BOJACA,1602,BZ93,,
25120,CUNDINAMARCA,CABRERA,1913,BZ93,,
25148,CUNDINAMARCA,CAPARRAPI,1560,WEB.MUN,,"constantly moved, ""tierra de indios"""
25151,CUNDINAMARCA,CAQUEZA,1832,BZ93,,
25168,CUNDINAMARCA,CHAGUANI,1770,WEB.MUN,,
25178,CUNDINAMARCA,CHIPAQUE,1564,BZ93,,
25181,CUNDINAMARCA,CHOACHI,1550,BZ93,,
25183,CUNDINAMARCA,CHOCONTA,1537,BZ93,,
25224,CUNDINAMARCA,CUCUNUBA,1578,BZ93,,
25245,CUNDINAMARCA,EL COLEGIO,1653,WEB.MUN,,
25258,CUNDINAMARCA,EL PEÑON,1830,BZ93,,
25269,CUNDINAMARCA,FACATATIVA,1561,BZ93,,
25279,CUNDINAMARCA,FOMEQUE,1592,BZ93,,
25281,CUNDINAMARCA,FOSCA,1536,BZ93,,
25288,CUNDINAMARCA,FUQUENE,1542,BZ93,,
25290,CUNDINAMARCA,FUSAGASUGA,1540,BZ93,,
25293,CUNDINAMARCA,GACHALA,1819,BZ93,,
25297,CUNDINAMARCA,GACHETA,1593,BZ93,,
25299,CUNDINAMARCA,GAMA,1870,BZ93,,
25307,CUNDINAMARCA,GIRARDOT,1852,BZ93,,
25317,CUNDINAMARCA,GUACHETA,1537,BZ93,,
25320,CUNDINAMARCA,GUADUAS,1551,BZ93,,
25322,CUNDINAMARCA,GUASCA,1639,BZ93,,
25324,CUNDINAMARCA,GUATAQUI,1539,BZ93,,
25326,CUNDINAMARCA,GUATAVITA,1593,BZ93,,
25328,CUNDINAMARCA,GUAYABAL DE SIQUIMA,1839,BZ93,,
25335,CUNDINAMARCA,GUAYABETAL,1980,BZ93,,
25339,CUNDINAMARCA,GUTIERREZ,1860,BZ93,,
25368,CUNDINAMARCA,JERUSALEN,1878,BZ93,,
25372,CUNDINAMARCA,JUNIN,1550,BZ93,,
25386,CUNDINAMARCA,LA MESA,1777,WEB.MUN,,
25394,CUNDINAMARCA,LA PALMA,1561,BZ93,,
25398,CUNDINAMARCA,LA PEÑA,1751,BZ93,,
25402,CUNDINAMARCA,LA VEGA,1605,WEB.MUN,,
25407,CUNDINAMARCA,LENGUAZAQUE,1539,BZ93,,
25426,CUNDINAMARCA,MACHETA,1540,BZ93,,
25436,CUNDINAMARCA,MANTA,1773,BZ93,,
25438,CUNDINAMARCA,MEDINA,1620,WEB.MUN,,
25483,CUNDINAMARCA,NARIÑO,1833,BZ93,,
25486,CUNDINAMARCA,NEMOCON,1537,BZ93,,
25488,CUNDINAMARCA,NILO,1783,WEB.MUN,,
25489,CUNDINAMARCA,NIMAIMA,1605,WEB.MUN,,
25491,CUNDINAMARCA,NOCAIMA,1605,WEB.MUN,,
25506,CUNDINAMARCA,VENECIA,1924,BZ93,,
25513,CUNDINAMARCA,PACHO,1604,WEB.MUN,,
25518,CUNDINAMARCA,PAIME,1517,WEB.MUN,,
25524,CUNDINAMARCA,PANDI,1793,WEB.MUN,,
25535,CUNDINAMARCA,PASCA,1552,BZ93,,
25572,CUNDINAMARCA,PUERTO SALGAR,1923,BZ93,,
25580,CUNDINAMARCA,PULI,1800,WEB.MUN,,
25592,CUNDINAMARCA,QUEBRADANEGRA,1694,WEB.MUN,,
25594,CUNDINAMARCA,QUETAME,1826,BZ93,,
25596,CUNDINAMARCA,QUIPILE,1825,WEB.MUN,,
25599,CUNDINAMARCA,APULO,1908,BZ93,,
25612,CUNDINAMARCA,RICAURTE,1887,BZ93,,
25645,CUNDINAMARCA,SAN ANTONIO DEL TEQUENDAMA,1860,BZ93,1857,
25649,CUNDINAMARCA,SAN BERNARDO,1910,BZ93,,
25653,CUNDINAMARCA,SAN CAYETANO,1824,WEB.MUN,1883,First founded then recogniced as municipality
25658,CUNDINAMARCA,SAN FRANCISCO,1857,BZ93,,
25662,CUNDINAMARCA,SAN JUAN,1543,BZ93,,
25718,CUNDINAMARCA,SASAIMA,1541,BZ93,,
25743,CUNDINAMARCA,SILVANIA,1935,BZ93,,
25745,CUNDINAMARCA,SIMIJACA,1584,BZ93,,
25754,CUNDINAMARCA,SOACHA,1870,BZ93,,
25769,CUNDINAMARCA,SUBACHOQUE,1769,BZ93,,
25772,CUNDINAMARCA,SUESCA,1537,BZ93,,
25777,CUNDINAMARCA,SUPATA,1882,BZ93,,
25779,CUNDINAMARCA,SUSA,1550,BZ93,,
25797,CUNDINAMARCA,TENA,1548,BZ93,,
25805,CUNDINAMARCA,TIBACUY,1557,BZ93,,
25807,CUNDINAMARCA,TIBIRITA,1593,WEB.MUN,,
25815,CUNDINAMARCA,TOCAIMA,1544,BZ93,,
25839,CUNDINAMARCA,UBALA,1846,BZ93,,
25843,CUNDINAMARCA,VILLA DE SAN DIEGO DE UBATE,1592,BZ93,,
25845,CUNDINAMARCA,UNE,1538,BZ93,,
25851,CUNDINAMARCA,UTICA,1867,BZ93,,
25862,CUNDINAMARCA,VERGARA,1802,WEB.MUN,,
25867,CUNDINAMARCA,VIANI,1853,BZ93,,
25871,CUNDINAMARCA,VILLAGOMEZ,1965,BZ93,,
25873,CUNDINAMARCA,VILLAPINZON,1773,BZ93,,
25875,CUNDINAMARCA,VILLETA,1551,BZ93,,
25878,CUNDINAMARCA,VIOTA,1767,WEB.MUN,,
25885,CUNDINAMARCA,YACOPI,1890,BZ93,,
25898,CUNDINAMARCA,ZIPACON,1650,BZ93,,
25899,CUNDINAMARCA,ZIPAQUIRA,1692,BZ93,,
27001,CHOCO,QUIBDO,1654,BZ93,,
27006,CHOCO,ACANDI,1908,WEB.MUN,,
27245,CHOCO,EL CARMEN DEL ATRATO,1874,WEB.MUN,,
41001,HUILA,NEIVA,1539,BZ93,,
41006,HUILA,CONCEPCION,1756,WEB.MUN,,Today Acevedo
41013,HUILA,AGRADO,1760,BZ93,,
41016,HUILA,AIPE,1751,BZ93,,
41020,HUILA,ALGECIRAS,1924,BZ93,,
41078,HUILA,BARAYA,1847,BZ93,,
41132,HUILA,CAMPOALEGRE,1819,BZ93,,
41206,HUILA,COLOMBIA,1845,WEB.MUN,,
41244,HUILA,ELIAS,1827,BZ93,,
41298,HUILA,GARZON,1775,BZ93,,
41306,HUILA,GIGANTE,1750,BZ93,,
41319,HUILA,GUADALUPE,1715,WEB.MUN,,
41349,HUILA,HOBO,1662,BZ93,,
41357,HUILA,IQUIRA,1692,BZ93,,
41378,HUILA,LA UNION,1870,WEB.MUN,,Today La Argentina
41396,HUILA,LA PLATA,1551,BZ93,,
41483,HUILA,NATAGA,1753,BZ93,,
41503,HUILA,OPORAPA,1779,BZ93,,
41518,HUILA,PAICOL,1701,BZ93,,
41524,HUILA,PALERMO,1600,BZ93,,
41548,HUILA,PITAL,1719,BZ93,,
41551,HUILA,PITALITO,1818,WEB.MUN,,
41615,HUILA,RIVERA,1885,BZ93,,
41660,HUILA,SALADOBLANCO,1874,BZ93,,
41676,HUILA,SANTA MARIA,1905,BZ93,,
41797,HUILA,TESALIA,1777,BZ93,,
41799,HUILA,TELLO,1811,BZ93,,
41801,HUILA,TERUEL,1697,BZ93,,
41807,HUILA,TIMANA,1538,BZ93,,
41872,HUILA,VILLAVIEJA,1550,BZ93,,
41885,HUILA,YAGUARA,1608,BZ93,,
44001,MAGDALENA,RIOHACHA,1545, ,,
44430,LA GUAJIRA,MAICAO,1927,,,
44847,LA GUAJIRA,URIBIA,1935,,,
44874,MAGDALENA,VILLANUEVA,1662,WEB.MUN,,
47001,MAGDALENA,SANTA MARTA,1525,BZ93,,
47053,MAGDALENA,ARACATACA,1885,BZ93,,
47161,MAGDALENA,CERRO SAN ANTONIO,1525,BZ93,,
47189,MAGDALENA,CIENAGA,1538,BZ93,,
47245,MAGDALENA,EL BANCO,1744,BZ93,,
47318,MAGDALENA,GUAMAL,1746,BZ93,,
47555,MAGDALENA,PLATO,1754,BZ93,,
47675,MAGDALENA,SALAMINA,1765,BZ93,,
47692,MAGDALENA,SAN SEBASTIAN DE BUENAVISTA,1745,BZ93,,
47703,MAGDALENA,SAN ZENON,1750,BZ93,,
47798,MAGDALENA,TENERIFE,1543,BZ93,,
50001,META,VILLAVICENCIO,1860,WEB.MUN,,
50124,META,CABUYARO,1700,WEB.MUN,,
50370,META,URIBE,1865,WEB.MUN,,
50606,META,RESTREPO,1912,WEB.MUN,,
50683,META,SAN JUAN DE ARAMA,1555,BZ93,,
50689,META,SAN MARTIN,1550,BZ93,,
52001,NARIÑO,PASTO,1539,BZ93,,
52019,NARIÑO,ALBAN,1854,BZ93,,
52022,NARIÑO,ALDANA,1728,BZ93,,
52036,NARIÑO,ANCUYA,1544,BZ93,,
52051,NARIÑO,ARBOLEDA,1857,BZ93,,
52079,NARIÑO,BARBACOAS,1616,BZ93,,
52083,NARIÑO,BELEN,1985,BZ93,,
52110,NARIÑO,BUESACO,1761,BZ93,,
52203,NARIÑO,COLON,1905,BZ93,,
52207,NARIÑO,CONSACA,1870,BZ93,,
52210,NARIÑO,CONTADERO,1869,BZ93,,
52224,NARIÑO,CUASPUD,1911,BZ93,,
52227,NARIÑO,CUMBAL,1560,WEB.MUN,1925,Populated then recogniced as municipality
52233,NARIÑO,CUMBITARA,1968,BZ93,,
52250,NARIÑO,EL CHARCO,1890,BZ93,,
52256,NARIÑO,EL ROSARIO,1815,BZ93,,
52258,NARIÑO,EL TABLON DE GOMEZ,1760,BZ93,1834,
52260,NARIÑO,EL TAMBO,1573,BZ93,1713,Moved its location multiple times before 1713
52287,NARIÑO,FUNES,1616,WEB.MUN,,
52320,NARIÑO,GUAITARILLA,1676,BZ93,,
52323,NARIÑO,GUALMATAN,1830,BZ93,,
52352,NARIÑO,ILES,1711,BZ93,,
52354,NARIÑO,IMUES,1572,BZ93,,
52356,NARIÑO,IPIALES,1585,BZ93,,
52378,NARIÑO,LA CRUZ,1742,BZ93,,
52381,NARIÑO,FLORIDA,1820,BZ93,,
52399,NARIÑO,LA UNION,1830,BZ93,,
52405,NARIÑO,LEIVA,1977,BZ93,,
52411,NARIÑO,LINARES,1868,BZ93,,
52418,NARIÑO,LOS ANDES SOTOMAYOR,1845,WEB.MUN,,
52435,NARIÑO,MALLAMA,1550,WEB.MUN,1646,Populated then founded
52473,NARIÑO,MOSQUERA,1824,WEB.MUN,,
52506,NARIÑO,OSPINA,1664,BZ93,,
52560,NARIÑO,POTOSI,1550,BZ93,,
52573,NARIÑO,PUERRES,1825,BZ93,,
52585,NARIÑO,PUPIALES,1863,BZ93,,
52612,NARIÑO,RICAURTE,1880,WEB.MUN,,
52678,NARIÑO,SAMANIEGO,1837,WEB.MUN,,
52683,NARIÑO,SANDONA,1866,BZ93,,
52687,NARIÑO,SAN LORENZO,1810,BZ93,,
52693,NARIÑO,SAN PABLO,1763,BZ93,,
52696,NARIÑO,ISCUANDE,1600,WEB.MUN,,Today Santa Barbara-Iscuande
52699,NARIÑO,SANTA CRUZ,1869,BZ93,,
52720,NARIÑO,SAPUYES,1849,BZ93,,
52786,NARIÑO,TAMINANGO,1700,BZ93,,
52788,NARIÑO,TANGUA,1840,BZ93,,
52835,NARIÑO,TUMACO,1640,WEB.MUN,,
52838,NARIÑO,TUQUERRES,1541,BZ93,,
52885,NARIÑO,YACUANQUER,1539,BZ93,,
54001,NORTE DE SANTANDER,CUCUTA,1733,WEB.MUN,,
54003,NORTE DE SANTANDER,LA CRUZ,1810,WEB.MUN,,Today Abrego
54051,NORTE DE SANTANDER,ARBOLEDAS,1756,OTHER,,http://www.cucutanuestra.com/temas/geografia/municipios/region-centro/arboledas/arboledas.htm
54099,NORTE DE SANTANDER,BOCHALEMA,1759,WEB.MUN,,
54109,NORTE DE SANTANDER,BUCARASICA,1877,BZ93,,
54125,NORTE DE SANTANDER,CACOTA,1555,BZ93,,
54128,NORTE DE SANTANDER,CACHIRA,1811,BZ93,,
54172,NORTE DE SANTANDER,CHINACOTA,1535,WEB.MUN,,
54174,NORTE DE SANTANDER,CHITAGA,1804,WEB.MUN,,
54206,NORTE DE SANTANDER,CONVENCION,1829,BZ93,,
54223,NORTE DE SANTANDER,CUCUTILLA,1804,BZ93,,
54239,NORTE DE SANTANDER,DURANIA,1911,BZ93,,
54245,NORTE DE SANTANDER,EL CARMEN,1686,WEB.MUN,,
54313,NORTE DE SANTANDER,GRAMALOTE,1857,WEB.MUN,,
54344,NORTE DE SANTANDER,LA PALMA,1780,WEB.MUN,,Today Hacari
54347,NORTE DE SANTANDER,HERRAN,1860,WEB.MUN,,
54377,NORTE DE SANTANDER,LABATECA,1620,WEB.MUN,,
54398,NORTE DE SANTANDER,LA PLAYA,1580,BZ93,1857,
54405,NORTE DE SANTANDER,LOS PATIOS,1985,BZ93,,
54418,NORTE DE SANTANDER,LOURDES,1905,BZ93,,
54480,NORTE DE SANTANDER,MUTISCUA,1841,BZ93,,
54498,NORTE DE SANTANDER,OCAÑA,1573,BZ93,,
54518,NORTE DE SANTANDER,PAMPLONA,1549,BZ93,,
54520,NORTE DE SANTANDER,PAMPLONITA,1540,BZ93,,
54599,NORTE DE SANTANDER,RAGONVALIA,1860,BZ93,1877,
54660,NORTE DE SANTANDER,SALAZAR,1555,BZ93,,
54670,NORTE DE SANTANDER,SAN CALIXTO,1810,BZ93,,
54673,NORTE DE SANTANDER,SAN CAYETANO,1773,WEB.MUN,,Eartquake in 1875*
54680,NORTE DE SANTANDER,SANTIAGO,1742,WEB.MUN,,
54720,NORTE DE SANTANDER,SARDINATA,1906,WEB.MUN,,
54743,NORTE DE SANTANDER,SILOS,1530,BZ93,,
54800,NORTE DE SANTANDER,TEORAMA,1812,BZ93,,
54810,NORTE DE SANTANDER,TIBU,1975,BZ93,,
54820,NORTE DE SANTANDER,TOLEDO,1795,WEB.MUN,,
54871,NORTE DE SANTANDER,VILLA CARO,1859,BZ93,1869,
54874,NORTE DE SANTANDER,ROSARIO,1761,WEB.MUN,,Today Villa del Rosario
63001,CALDAS,ARMENIA,1889,BZ93,,
63130,CALDAS,CALARCA,1886,BZ93,,
63190,CALDAS,CIRCASIA,1884,WEB.MUN,,
63212,QUINDIO,CORDOBA,1927,BZ93,,
63272,CALDAS,FILANDIA,1878,OTHER,1540,https://quindio.gov.co/filandia/3933-filandia
63302,QUINDIO,GENOVA,1903,BZ93,,
63401,QUINDIO,LA TEBAIDA,1916,BZ93,,
63470,CALDAS,MONTENEGRO,1892,WEB.MUN,,
63548,CALDAS,PIJAO,1905,BZ93,,
63594,CALDAS,QUIMBAYA,1914,WEB.MUN,,
63690,CALDAS,SALENTO,1842,WEB.MUN,,
66001,CALDAS,PEREIRA,1863,WEB.MUN,,
66045,CALDAS,APIA,1884,BZ93,,
66075,CALDAS,BALBOA,1907,BZ93,,
66088,CALDAS,BELEN,1872,BZ93,,Before Mocatan. Today Belen de Umbria
66318,CALDAS,GUATICA,1638,WEB.MUN,,
66383,RISARALDA,LA CELIA,1914,BZ93,,
66400,RISARALDA,LA VIRGINIA,1904,BZ93,,
66440,CALDAS,MARSELLA,1860,WEB.MUN,,
66456,CALDAS,MISTRATO,1590,BZ93,,
66572,RISARALDA,PUEBLO RICO,1884,BZ93,,
66594,CALDAS,QUINCHIA,1842,BZ93,,
66682,CALDAS,SANTA ROSA DE CABAL,1844,WEB.MUN,,
66687,CALDAS,SANTUARIO,1886,WEB.MUN,,Before V. Tatama
68001,SANTANDER,BUCARAMANGA,1622,BZ93,,
68013,SANTANDER,AGUADA,1753,BZ93,,
68020,SANTANDER,ALBANIA,1903,BZ93,,
68051,SANTANDER,ARATOCA,1750,WEB.MUN,,
68077,SANTANDER,CITE,1539,WEB.MUN,1940,Today Barbosa
68081,SANTANDER,BARRANCABERMEJA,1536,BZ93,,
68092,SANTANDER,BETULIA,1844,BZ93,,
68101,SANTANDER,BOLIVAR,1844,BZ93,,
68132,SANTANDER,CALIFORNIA,1908,BZ93,,
68147,SANTANDER,CAPITANEJO,1804,BZ93,,
68152,SANTANDER,CARCASI,1772,BZ93,,
68160,SANTANDER,CEPITA,1751,WEB.MUN,,
68162,SANTANDER,CERRITO,1775,BZ93,,
68167,SANTANDER,CHARALA,1540,BZ93,,
68169,SANTANDER,CHARTA,1908,BZ93,,
68176,SANTANDER,CHIMA,1573,BZ93,1775,
68179,SANTANDER,CHIPATA,1536,BZ93,,
68190,SANTANDER,CIMITARRA,1905,BZ93,,
68211,SANTANDER,CONTRATACION,1861,BZ93,,
68217,SANTANDER,COROMORO,1840,BZ93,,
68229,SANTANDER,CURITI,1540,BZ93,,
68245,SANTANDER,EL GUACAMAYO,1928,BZ93,,
68255,SANTANDER,EL PLAYON,1984,BZ93,,
68264,SANTANDER,ENCINO,1786,BZ93,,
68266,SANTANDER,ENCISO,1762,BZ93,,
68271,SANTANDER,FLORIAN,1974,BZ93,,
68276,SANTANDER,FLORIDABLANCA,1809,BZ93,1596,Floridablanca VS florida
68296,SANTANDER,GALAN,1789,BZ93,,
68307,SANTANDER,GIRON,1631,BZ93,,
68318,SANTANDER,GUACA,1553,BZ93,,
68320,SANTANDER,GUADALUPE,1715,BZ93,,
68322,SANTANDER,GUAPOTA,1810,BZ93,,
68327,SANTANDER,GUEPSA,1700,BZ93,1750,
68344,SANTANDER,HATO,1825,BZ93,,
68368,SANTANDER,JESUS MARIA,1755,BZ93,,
68370,SANTANDER,JORDAN,1830,BZ93,,
68377,SANTANDER,LA BELLEZA,1975,BZ93,,
68385,SANTANDER,LANDAZURI,1900,BZ93,,
68397,SANTANDER,LA PAZ,1750,BZ93,,
68406,SANTANDER,LEBRIJA,1871,BZ93,,
68418,SANTANDER,LOS SANTOS,1750,BZ93,,
68425,SANTANDER,MACARAVITA,1772,BZ93,,
68432,SANTANDER,MALAGA,1542,BZ93,,
68444,SANTANDER,MATANZA,1720,BZ93,,
68464,SANTANDER,MOGOTES,1700,BZ93,,
68468,SANTANDER,MOLAGAVITA,1709,BZ93,,
68498,SANTANDER,OCAMONTE,1777,BZ93,,
68500,SANTANDER,OIBA,1625,BZ93,,
68522,SANTANDER,PALMAR,1785,BZ93,,
68533,SANTANDER,PARAMO,1537,BZ93,1768,
68547,SANTANDER,PIEDECUESTA,1766,BZ93,,
68549,SANTANDER,PINCHOTE,1784,BZ93,,
68572,SANTANDER,PUENTE NACIONAL,1569,BZ93,,
68573,SANTANDER,PUERTO PARRA,1981,BZ93,,
68575,SANTANDER,PUERTO WILCHES,1882,BZ93,,
68615,SANTANDER,RIONEGRO,1805,BZ93,,
68655,SANTANDER,SABANA DE TORRES,1975,BZ93,,
68669,SANTANDER,SAN ANDRES,1760,WEB.MUN,,
68673,SANTANDER,SAN BENITO,1751,BZ93,,
68679,SANTANDER,SAN GIL,1689,BZ93,,
68684,SANTANDER,MIRANDA,1915,WEB.MUN,,Moved its location multiple times 
68686,SANTANDER,SAN MIGUEL,1763,WEB.MUN,,
68689,SANTANDER,SAN VICENTE DE CUCHURI,1876,WEB.MUN,,
68705,SANTANDER,SANTA BARBARA,1975,BZ93,,
68720,SANTANDER,SANTA HELENA DEL OPON,1975,BZ93,,
68745,SANTANDER,SIMACOTA,1727,BZ93,,
68755,SANTANDER,SOCORRO,1671,BZ93,,
68770,SANTANDER,SUAITA,1699,BZ93,,
68773,SANTANDER,SUCRE,1892,BZ93,,
68780,SANTANDER,SURATA,1783,WEB.MUN,,
68820,SANTANDER,TONA,1809,WEB.MUN,,
68855,SANTANDER,VALLE,1724,WEB.MUN,,Today Valle De San Jose
68861,SANTANDER,VELEZ,1539,BZ93,,
68867,SANTANDER,VETAS,1555,BZ93,,
68872,SANTANDER,VILLANUEVA,1966,BZ93,,
68895,SANTANDER,ZAPATOCA,1743,BZ93,,
70001,BOLIVAR,SINCELEJO,1535,BZ93,,
70110,SUCRE,BUENAVISTA,1969,BZ93,,
70204,SUCRE,COLOSO,1907,BZ93,,
70230,SUCRE,CHALAN,1968,BZ93,,
70235,SUCRE,GALERAS,1968,BZ93,,
70429,BOLIVAR,MAJAGUAL,1814,BZ93,,
70670,BOLIVAR,SAMPUES,1538,BZ93,,
70678,BOLIVAR,SAN BENITO ABAD,1534,BZ93,,
70702,SUCRE,SAN JUAN DE BETULIA,1968,BZ93,,
70717,SUCRE,SAN PEDRO,1820,BZ93,,
70820,BOLIVAR,SANTIAGO DE TOLU,1535,BZ93,,
73001,TOLIMA,IBAGUE,1550,BZ93,,
73024,TOLIMA,ALPUJARRA,1768,BZ93,,
73026,TOLIMA,CALDAS,1540,WEB.MUN,1904,Today V. Alvarado. Fire in 1904
73030,TOLIMA,AMBALEMA,1627,BZ93,,
73043,TOLIMA,ANZOATEGUI,1895,BZ93,,
73055,TOLIMA,ARMERO,1881,BZ93,1845,
73067,TOLIMA,ATACO,1778,BZ93,,
73124,TOLIMA,SAN MIGUEL DE PERDOMO,1867,BZ93,1913,Today V. Cajamarca
73148,TOLIMA,CARMEN DE APICALA,1829,WEB.MUN,,Carmen De Apicala VS Carmen
73152,TOLIMA,CASABIANCA,1866,BZ93,,
73168,TOLIMA,CHAPARRAL,1770,BZ93,,
73200,TOLIMA,COELLO,1627,BZ93,,
73217,TOLIMA,COYAIMA,1778,WEB.MUN,,
73226,TOLIMA,CUNDAY,1794,WEB.MUN,,
73236,TOLIMA,DOLORES,1866,BZ93,,
73268,TOLIMA,ESPINAL,1754,BZ93,,
73270,TOLIMA,SANTANA,1640,WEB.MUN,,Today Falan)
73275,TOLIMA,FLANDES,1912,BZ93,,
73283,TOLIMA,FRESNO,1858,WEB.MUN,,
73319,TOLIMA,GUAMO,1772,BZ93,,
73347,TOLIMA,HERVEO,1870,BZ93,,
73349,TOLIMA,HONDA,1560,BZ93,,
73352,TOLIMA,ICONONZO,1888,BZ93,,
73408,TOLIMA,LERIDA,1690,BZ93,,
73411,TOLIMA,LIBANO,1866,BZ93,,
73443,TOLIMA,MARIQUITA,1551,BZ93,,
73449,TOLIMA,MELGAR,1720,BZ93,,
73461,TOLIMA,MURILLO,1872,BZ93,,
73483,TOLIMA,NATAGAIMA,1660,BZ93,,
73504,TOLIMA,ORTEGA,1572,BZ93,,
73547,TOLIMA,PIEDRAS,1780,BZ93,,
73563,TOLIMA,PRADO,1781,BZ93,,
73585,TOLIMA,PURIFICACION,1664,BZ93,,
73616,TOLIMA,RIOBLANCO,1900,BZ93,,
73622,TOLIMA,RONCESVALLES,1925,BZ93,,
73624,TOLIMA,ROVIRA,1570,BZ93,,
73675,TOLIMA,SAN ANTONIO,1820,BZ93,,
73678,TOLIMA,SAN LUIS,1780,BZ93,,
73686,TOLIMA,SANTA ISABEL,1893,BZ93,,
73770,TOLIMA,SUAREZ,1827,BZ93,1696,
73854,TOLIMA,VALLE DE SAN JUAN,1702,BZ93,,
73861,TOLIMA,VENADILLO,1560,WEB.MUN,,
73870,TOLIMA,VILLAHERMOSA,1875,BZ93,,
73873,TOLIMA,VILLARRICA,1926,BZ93,,
76001,VALLE DEL CAUCA,CALI,1536,BZ93,,
76020,VALLE DEL CAUCA,ALCALA,1891,BZ93,,
76036,VALLE DEL CAUCA,ANDALUCIA,1813,BZ93,,
76041,VALLE DEL CAUCA,ANSERMANUEVO,1539,WEB.MUN,,
76054,VALLE DEL CAUCA,ARGELIA,1904,BZ93,,
76100,VALLE DEL CAUCA,BOLIVAR,1884,BZ93,,
76109,VALLE DEL CAUCA,BUENAVENTURA,1539,BZ93,,
76111,VALLE DEL CAUCA,BUGA,1555,BZ93,,
76113,VALLE DEL CAUCA,BUGALAGRANDE,1886,WEB.MUN,,
76122,VALLE DEL CAUCA,CAICEDONIA,1910,BZ93,,
76126,VALLE DEL CAUCA,CALIMA,1912,BZ93,,
76130,VALLE DEL CAUCA,CANDELARIA,1545,BZ93,,
76147,VALLE DEL CAUCA,CARTAGO,1540,BZ93,,
76233,VALLE DEL CAUCA,DAGUA,1909,BZ93,,
76243,VALLE DEL CAUCA,EL AGUILA,1910,BZ93,,
76246,VALLE DEL CAUCA,EL CAIRO,1920,BZ93,,
76248,VALLE DEL CAUCA,EL CERRITO,1825,BZ93,,
76250,VALLE DEL CAUCA,EL DOVIO,1936,BZ93,,
76275,VALLE DEL CAUCA,FLORIDA,1825,BZ93,,
76306,VALLE DEL CAUCA,GINEBRA,1909,BZ93,,
76318,VALLE DEL CAUCA,GUACARI,1570,BZ93,,
76364,VALLE DEL CAUCA,JAMUNDI,1535,BZ93,,
76377,VALLE DEL CAUCA,LA CUMBRE,1852,BZ93,,
76400,VALLE DEL CAUCA,LA UNION,1604,WEB.MUN,,
76403,VALLE DEL CAUCA,LA VICTORIA,1835,BZ93,,
76520,VALLE DEL CAUCA,PALMIRA,1680,OTHER,,http://www.eltiempo.com/archivo/documento/MAM-360036
76563,VALLE DEL CAUCA,PRADERA,1863,BZ93,,
76606,VALLE DEL CAUCA,RESTREPO,1913,BZ93,,
76616,VALLE DEL CAUCA,RIOFRIO,1567,WEB.MUN,,
76622,VALLE DEL CAUCA,ROLDANILLO,1576,BZ93,,
76670,VALLE DEL CAUCA,SAN PEDRO,1812,BZ93,,
76736,VALLE DEL CAUCA,SEVILLA,1903,BZ93,,
76823,VALLE DEL CAUCA,TORO,1573,BZ93,,
76828,VALLE DEL CAUCA,TRUJILLO,1924,BZ93,,
76834,VALLE DEL CAUCA,TULUA,1637,BZ93,,
76845,VALLE DEL CAUCA,ULLOA,1922,BZ93,,
76863,VALLE DEL CAUCA,VERSALLES,1887,BZ93,,
76869,VALLE DEL CAUCA,VIJES,1539,BZ93,,
76890,VALLE DEL CAUCA,YOTOCO,1622,WEB.MUN,,
76892,VALLE DEL CAUCA,YUMBO,1536,BZ93,,
76895,VALLE DEL CAUCA,ZARZAL,1783,WEB.MUN,1909,Populated then recogniced as municipality
81794,BOYACA,TAME,1661,BZ93,,Today located in Arauca
85001,BOYACA,MARROQUIN,1786,OTHER,,Today part of Yopal. http://www.eltiempo.com/archivo/documento/MAM-773798
85136,BOYACA,LA SALINA,1780,WEB.MUN,1527,Founded by indigenous then recogniced as municipality
85225,BOYACA,NUNCHIA,1655,WEB.MUN,,
85259,BOYACA,MORENO,1850,WEB.MUN,1974,Today Paz De Ariporo
85263,BOYACA,PORE,1644,,,Today located in Casanare
85400,BOYACA,TAMARA,1628,WEB.MUN,,
86001,PUTUMAYO,MOCOA,1551,BZ93,,
86320,PUTUMAYO,ORITO,1960,BZ93,,
86568,PUTUMAYO,PUERTO ASIS,1912,BZ93,,
86573,PUTUMAYO,LEGUIZAMO,1920,BZ93,,
86755,PUTUMAYO,SAN FRANCISCO,1902,BZ93,,
86885,PUTUMAYO,VILLA GARZON,1950,BZ93,,
,BOYACA,TEN,,,,
